[{"shopID":"1","shopName":"Deli Malatso","shopAddress":"25B Causeyside St, Paisley PA1 1UL","shopBlurb":"Blah blah","shopNumber":"1418896963"},{"shopID":"2","shopName":"Costa Coffee","shopAddress":"28 Central Rd, Paisley PA1 1EH Central Rd, Paisley PA1 1EH","shopBlurb":"Big coffee chain yada yada","shopNumber":"1418893338"},{"shopID":"3","shopName":"Mad Hatters Cafe","shopAddress":"39 Gauze St, Paisley PA1 1EZ","shopBlurb":"Serving up a wide range of hot and cold drinks.","shopNumber":"1418894433"},{"shopID":"4","shopName":"Blend Coffee Lounge","shopAddress":"25B Causeyside St, Paisley PA1 1UL","shopBlurb":"Low prices and good quality. Poetry events\/gigs regularly hosted at this venue.","shopNumber":"1418896963"},{"shopID":"5","shopName":"Deli Malatso","shopAddress":"25B Causeyside St, Paisley PA1 1UL","shopBlurb":"Blah blaha","shopNumber":"1418896963"}]